{
  "id": "koq",
  "name": "knavesofqud",
  "title": "KNAVEs of qud",
  "description": "KNAVE is a rules toolkit created by Ben Milton for running old school fantasy RPGs without classes.",
  "version": "1.9.0",
  "minimumCoreVersion": "11",
  "compatibleCoreVersion": "11",
  "compatibility": {
    "minimum": 11,
    "verified": "11.302"
  },
  "templateVersion": 2,
  "author": "Rabid Baboon", "Vedmin"
  "esmodules": ["module/koq.js"],
  "styles": ["css/koq.css"],
  "scripts": [],
  "packs": [
    {
      "name": "armor",
      "label": "Armor",
      "system": "koq",
      "path": "./packs/armor.db",
      "type": "Item",
      "flags": {}
    },
    {
      "name": "clothing",
      "label": "Cothing",
      "system": "koq",
      "path": "./packs/clothing.db",
      "type": "Item",
      "flags": {}
    },
    {
      "name": "food",
      "label": "Food",
      "system": "koq",
      "path": "./packs/food.db",
      "type": "Item",
      "flags": {}
    },
    {
      "name": "items",
      "label": "Items",
      "system": "koq",
      "path": "./packs/items.db",
      "type": "Item",
      "flags": {}
    },
    {
      "name": "light",
      "label": "Light",
      "system": "koq",
      "path": "./packs/light.db",
      "type": "Item",
      "flags": {}
      
    },
    {
      "name": "macros",
      "label": "Macros",
      "system": "koq",
      "path": "./packs/macros.db",
      "type": "Macro",
      "flags": {}
    },
    {
      "name": "other",
      "label": "Other",
      "system": "koq",
      "path": "./packs/other.db",
      "type": "RollTable",
      "flags": {}
    },
    {
      "name": "rules",
      "label": "Rules",
      "system": "koq",
      "path": "./packs/rules.db",
      "type": "JournalEntry",
      "flags": {}
    },
    {
      "name": "spells",
      "label": "Spells",
      "system": "koq",
      "path": "./packs/spells.db",
      "type": "Item",
      "flags": {}
    },
    {
      "name": "starting-gear",
      "label": "Starting Gear",
      "system": "koq",
      "path": "./packs/starting-gear.db",
      "type": "RollTable",
      "flags": {}
    },
    {
      "name": "traits",
      "label": "Traits",
      "system": "koq",
      "path": "./packs/traits.db",
      "type": "RollTable",
      "flags": {}
    },
    {
      "name": "weapons",
      "label": "Weapons",
      "system": "koq",
      "path": "./packs/weapons.db",      
      "type": "Item",
      "flags": {}
    }
  ],  
  "gridDistance": 5,
  "gridUnits": "ft",
  "primaryTokenAttribute": "health",  
  "url": "https://github.com/jrommann/knave",
  "manifest": "https://raw.githubusercontent.com/jrommann/knave/master/system.json",
  "download": "https://github.com/jrommann/knave/archive/1.9.0.zip",
  "license": "LICENSE.txt"
}
