{
  "Actor":
  {
    "types": ["character"],
    "templates":
    {
      "base":
      {
        "health":
        {
          "value": 8,
          "min": 0,
          "max": 8
        },
        "armor":
        {
          "value": 11,
          "bonus": 1
        },
        "xp":
        {
          "value": 0
        },
        "abilities":
        {
          "might":
          {
            "value": 0,
            "max":10
          },
          "cunning":
          {
            "value": 0,
            "max":10
          },
          "will":
          {
            "value": 0,
            "max":10
          },

      }
    },
    "character":
    {
      "templates": ["base"],
      "biography": "",
      "level":
      {
        "value": 1,
        "min":1,
        "max":10
      },
      "inventorySlots":
      {
        "used":0,
        "value":0,
        "max":20
      },
      "traits":
      {
        "physique":"",
        "face":"",
        "skin":"",
        "hair":"",
        "clothing":"",
        "virtue":"",
        "vice":"",
        "speech":"",
        "background":"",
        "misfortune":"",
        "alignment":""
      }
    }
  },
  "Item":
  {
    "types": ["item", "weaponMelee", "weaponRanged", "armor", "light", "spell"],
    "templates":
    {
      "base":
      {
        "name": "",
        "description": "",
        "quantity": 1,
        "slots": 1,
        "coppers":1
      },
      "quality":
      {
        "quality": { "value":1, "min":0, "max":1}
      },
      "weapon":
      {
        "damageDice":"1d3",
        "hands": 1
      }
    },
    "item":
    {
      "templates": ["base"]
    },
    "weaponMelee":
    {
      "templates":["base", "quality", "weapon"]      
    },
    "weaponRanged":
    {
      "templates":["base", "quality", "weapon"],      
      "ammo":
      {
        "value":0,
        "min":0,
        "max":0
      }
    },
    "armor":
    {
      "templates":["base", "quality"],
      "defense": 11
    },
    "light":
    {
      "templates": ["base"],
      "duration": 1
    },
    "spell":
    {
      "templates": ["base"],
      "used": false,
      "level": 0
    }
  }
}